"","Year","Chronology","samp.depth","Jan","Feb","Mar","Apr","May","Jun","Jul","Aug","Sept","Oct","Nov","Dec","Apr_Sep","Jun_Aug"
"1",1683,0.733778835224182,5,NA,NA,NA,NA,NA,NA,NA,NA,NA,NA,NA,NA,NA,NA
"2",1684,0.577760744887013,5,NA,NA,NA,NA,NA,NA,NA,NA,NA,NA,NA,NA,NA,NA
"3",1685,0.487438783805341,6,NA,NA,NA,NA,NA,NA,NA,NA,NA,NA,NA,NA,NA,NA
"4",1686,0.582063456501364,7,NA,NA,NA,NA,NA,NA,NA,NA,NA,NA,NA,NA,NA,NA
"5",1687,0.428794117053714,7,NA,NA,NA,NA,NA,NA,NA,NA,NA,NA,NA,NA,NA,NA
"6",1688,0.497470845290294,7,NA,NA,NA,NA,NA,NA,NA,NA,NA,NA,NA,NA,NA,NA
"7",1689,0.694984139318317,7,NA,NA,NA,NA,NA,NA,NA,NA,NA,NA,NA,NA,NA,NA
"8",1690,0.718082466728738,7,NA,NA,NA,NA,NA,NA,NA,NA,NA,NA,NA,NA,NA,NA
"9",1691,0.670925078140179,7,NA,NA,NA,NA,NA,NA,NA,NA,NA,NA,NA,NA,NA,NA
"10",1692,0.717150469349735,7,NA,NA,NA,NA,NA,NA,NA,NA,NA,NA,NA,NA,NA,NA
"11",1693,0.540302039600322,7,NA,NA,NA,NA,NA,NA,NA,NA,NA,NA,NA,NA,NA,NA
"12",1694,0.659520151285808,7,NA,NA,NA,NA,NA,NA,NA,NA,NA,NA,NA,NA,NA,NA
"13",1695,0.622704394036449,7,NA,NA,NA,NA,NA,NA,NA,NA,NA,NA,NA,NA,NA,NA
"14",1696,0.791209229795495,7,NA,NA,NA,NA,NA,NA,NA,NA,NA,NA,NA,NA,NA,NA
"15",1697,0.588068722040484,7,NA,NA,NA,NA,NA,NA,NA,NA,NA,NA,NA,NA,NA,NA
"16",1698,0.487209556343966,7,NA,NA,NA,NA,NA,NA,NA,NA,NA,NA,NA,NA,NA,NA
"17",1699,0.559423506987528,7,NA,NA,NA,NA,NA,NA,NA,NA,NA,NA,NA,NA,NA,NA
"18",1700,0.521396891006188,7,NA,NA,NA,NA,NA,NA,NA,NA,NA,NA,NA,NA,NA,NA
"19",1701,0.402184679574292,7,NA,NA,NA,NA,NA,NA,NA,NA,NA,NA,NA,NA,NA,NA
"20",1702,0.566982347950772,7,NA,NA,NA,NA,NA,NA,NA,NA,NA,NA,NA,NA,NA,NA
"21",1703,0.625785687067122,7,NA,NA,NA,NA,NA,NA,NA,NA,NA,NA,NA,NA,NA,NA
"22",1704,0.61204060019011,7,NA,NA,NA,NA,NA,NA,NA,NA,NA,NA,NA,NA,NA,NA
"23",1705,0.638559077656779,7,NA,NA,NA,NA,NA,NA,NA,NA,NA,NA,NA,NA,NA,NA
"24",1706,0.712417171039355,7,NA,NA,NA,NA,NA,NA,NA,NA,NA,NA,NA,NA,NA,NA
"25",1707,0.863582094378853,7,NA,NA,NA,NA,NA,NA,NA,NA,NA,NA,NA,NA,NA,NA
"26",1708,1.27209902751259,7,NA,NA,NA,NA,NA,NA,NA,NA,NA,NA,NA,NA,NA,NA
"27",1709,1.34319287398808,7,NA,NA,NA,NA,NA,NA,NA,NA,NA,NA,NA,NA,NA,NA
"28",1710,1.19216763654052,8,NA,NA,NA,NA,NA,NA,NA,NA,NA,NA,NA,NA,NA,NA
"29",1711,0.859449378031037,8,NA,NA,NA,NA,NA,NA,NA,NA,NA,NA,NA,NA,NA,NA
"30",1712,0.757715723565814,8,NA,NA,NA,NA,NA,NA,NA,NA,NA,NA,NA,NA,NA,NA
"31",1713,0.743045606223256,8,NA,NA,NA,NA,NA,NA,NA,NA,NA,NA,NA,NA,NA,NA
"32",1714,1.00180060375699,9,NA,NA,NA,NA,NA,NA,NA,NA,NA,NA,NA,NA,NA,NA
"33",1715,1.14443909791039,9,NA,NA,NA,NA,NA,NA,NA,NA,NA,NA,NA,NA,NA,NA
"34",1716,1.05889620586152,9,NA,NA,NA,NA,NA,NA,NA,NA,NA,NA,NA,NA,NA,NA
"35",1717,0.923210852706137,11,NA,NA,NA,NA,NA,NA,NA,NA,NA,NA,NA,NA,NA,NA
"36",1718,0.775817524180841,11,NA,NA,NA,NA,NA,NA,NA,NA,NA,NA,NA,NA,NA,NA
"37",1719,0.981496341584366,11,NA,NA,NA,NA,NA,NA,NA,NA,NA,NA,NA,NA,NA,NA
"38",1720,1.20019856935304,11,NA,NA,NA,NA,NA,NA,NA,NA,NA,NA,NA,NA,NA,NA
"39",1721,0.977716217755878,11,NA,NA,NA,NA,NA,NA,NA,NA,NA,NA,NA,NA,NA,NA
"40",1722,1.17046017361439,11,NA,NA,NA,NA,NA,NA,NA,NA,NA,NA,NA,NA,NA,NA
"41",1723,1.29660749133901,11,NA,NA,NA,NA,NA,NA,NA,NA,NA,NA,NA,NA,NA,NA
"42",1724,0.99328195426654,11,NA,NA,NA,NA,NA,NA,NA,NA,NA,NA,NA,NA,NA,NA
"43",1725,1.2653209471225,11,NA,NA,NA,NA,NA,NA,NA,NA,NA,NA,NA,NA,NA,NA
"44",1726,0.956669699626939,11,NA,NA,NA,NA,NA,NA,NA,NA,NA,NA,NA,NA,NA,NA
"45",1727,1.17001568605617,11,NA,NA,NA,NA,NA,NA,NA,NA,NA,NA,NA,NA,NA,NA
"46",1728,0.784084656336924,11,NA,NA,NA,NA,NA,NA,NA,NA,NA,NA,NA,NA,NA,NA
"47",1729,1.00753447571452,11,NA,NA,NA,NA,NA,NA,NA,NA,NA,NA,NA,NA,NA,NA
"48",1730,0.875056935642121,11,NA,NA,NA,NA,NA,NA,NA,NA,NA,NA,NA,NA,NA,NA
"49",1731,0.912912633764131,12,NA,NA,NA,NA,NA,NA,NA,NA,NA,NA,NA,NA,NA,NA
"50",1732,0.874569076336137,13,NA,NA,NA,NA,NA,NA,NA,NA,NA,NA,NA,NA,NA,NA
"51",1733,0.96830011916455,13,NA,NA,NA,NA,NA,NA,NA,NA,NA,NA,NA,NA,NA,NA
"52",1734,0.8636872877197,13,NA,NA,NA,NA,NA,NA,NA,NA,NA,NA,NA,NA,NA,NA
"53",1735,0.917313611918935,14,NA,NA,NA,NA,NA,NA,NA,NA,NA,NA,NA,NA,NA,NA
"54",1736,0.695272900377093,14,NA,NA,NA,NA,NA,NA,NA,NA,NA,NA,NA,NA,NA,NA
"55",1737,0.988145711750478,14,NA,NA,NA,NA,NA,NA,NA,NA,NA,NA,NA,NA,NA,NA
"56",1738,0.709056163938173,14,NA,NA,NA,NA,NA,NA,NA,NA,NA,NA,NA,NA,NA,NA
"57",1739,0.664732298035624,14,NA,NA,NA,NA,NA,NA,NA,NA,NA,NA,NA,NA,NA,NA
"58",1740,0.638507137430665,15,NA,NA,NA,NA,NA,NA,NA,NA,NA,NA,NA,NA,NA,NA
"59",1741,0.612600520688603,15,NA,NA,NA,NA,NA,NA,NA,NA,NA,NA,NA,NA,NA,NA
"60",1742,0.599502609922045,16,NA,NA,NA,NA,NA,NA,NA,NA,NA,NA,NA,NA,NA,NA
"61",1743,0.717409367391908,16,NA,NA,NA,NA,NA,NA,NA,NA,NA,NA,NA,NA,NA,NA
"62",1744,0.678951503603298,16,NA,NA,NA,NA,NA,NA,NA,NA,NA,NA,NA,NA,NA,NA
"63",1745,0.848213967538016,16,NA,NA,NA,NA,NA,NA,NA,NA,NA,NA,NA,NA,NA,NA
"64",1746,0.927644163735959,16,NA,NA,NA,NA,NA,NA,NA,NA,NA,NA,NA,NA,NA,NA
"65",1747,0.951580175944553,16,NA,NA,NA,NA,NA,NA,NA,NA,NA,NA,NA,NA,NA,NA
"66",1748,1.0164881570497,16,NA,NA,NA,NA,NA,NA,NA,NA,NA,NA,NA,NA,NA,NA
"67",1749,1.23129749115321,16,NA,NA,NA,NA,NA,NA,NA,NA,NA,NA,NA,NA,NA,NA
"68",1750,1.14953705762014,16,NA,NA,NA,NA,NA,NA,NA,NA,NA,NA,NA,NA,NA,NA
"69",1751,0.960348695246541,16,NA,NA,NA,NA,NA,NA,NA,NA,NA,NA,NA,NA,NA,NA
"70",1752,1.14589976033163,16,NA,NA,NA,NA,NA,NA,NA,NA,NA,NA,NA,NA,NA,NA
"71",1753,1.26959880978642,16,NA,NA,NA,NA,NA,NA,NA,NA,NA,NA,NA,NA,NA,NA
"72",1754,1.11602445295575,16,NA,NA,NA,NA,NA,NA,NA,NA,NA,NA,NA,NA,NA,NA
"73",1755,0.874437601642786,16,NA,NA,NA,NA,NA,NA,NA,NA,NA,NA,NA,NA,NA,NA
"74",1756,1.32110534139105,16,NA,NA,NA,NA,NA,NA,NA,NA,NA,NA,NA,NA,NA,NA
"75",1757,0.80821429945445,16,NA,NA,NA,NA,NA,NA,NA,NA,NA,NA,NA,NA,NA,NA
"76",1758,1.28872166581681,16,NA,NA,NA,NA,NA,NA,NA,NA,NA,NA,NA,NA,NA,NA
"77",1759,1.03926021558164,16,NA,NA,NA,NA,NA,NA,NA,NA,NA,NA,NA,NA,NA,NA
"78",1760,1.27284543940238,16,NA,NA,NA,NA,NA,NA,NA,NA,NA,NA,NA,NA,NA,NA
"79",1761,1.58327220735321,16,NA,NA,NA,NA,NA,NA,NA,NA,NA,NA,NA,NA,NA,NA
"80",1762,1.24937130105032,17,NA,NA,NA,NA,NA,NA,NA,NA,NA,NA,NA,NA,NA,NA
"81",1763,1.27841756273637,17,NA,NA,NA,NA,NA,NA,NA,NA,NA,NA,NA,NA,NA,NA
"82",1764,1.09470303365249,17,NA,NA,NA,NA,NA,NA,NA,NA,NA,NA,NA,NA,NA,NA
"83",1765,0.889839100697755,17,NA,NA,NA,NA,NA,NA,NA,NA,NA,NA,NA,NA,NA,NA
"84",1766,1.10842679744307,17,NA,NA,NA,NA,NA,NA,NA,NA,NA,NA,NA,NA,NA,NA
"85",1767,1.32976072463537,18,NA,NA,NA,NA,NA,NA,NA,NA,NA,NA,NA,NA,NA,NA
"86",1768,1.60017557498412,18,NA,NA,NA,NA,NA,NA,NA,NA,NA,NA,NA,NA,NA,NA
"87",1769,1.52223790410191,18,NA,NA,NA,NA,NA,NA,NA,NA,NA,NA,NA,NA,NA,NA
"88",1770,1.70913359966092,18,NA,NA,NA,NA,NA,NA,NA,NA,NA,NA,NA,NA,NA,NA
"89",1771,1.10000899022674,18,NA,NA,NA,NA,NA,NA,NA,NA,NA,NA,NA,NA,NA,NA
"90",1772,1.83731076908057,18,NA,NA,NA,NA,NA,NA,NA,NA,NA,NA,NA,NA,NA,NA
"91",1773,1.59375278354926,18,NA,NA,NA,NA,NA,NA,NA,NA,NA,NA,NA,NA,NA,NA
"92",1774,1.39522652622137,18,NA,NA,NA,NA,NA,NA,NA,NA,NA,NA,NA,NA,NA,NA
"93",1775,1.42833442526939,19,NA,NA,NA,NA,NA,NA,NA,NA,NA,NA,NA,NA,NA,NA
"94",1776,1.39830978610437,19,NA,NA,NA,NA,NA,NA,NA,NA,NA,NA,NA,NA,NA,NA
"95",1777,1.43007213689645,19,NA,NA,NA,NA,NA,NA,NA,NA,NA,NA,NA,NA,NA,NA
"96",1778,1.45768998634794,22,NA,NA,NA,NA,NA,NA,NA,NA,NA,NA,NA,NA,NA,NA
"97",1779,1.34126761916543,22,NA,NA,NA,NA,NA,NA,NA,NA,NA,NA,NA,NA,NA,NA
"98",1780,0.950551229777322,22,NA,NA,NA,NA,NA,NA,NA,NA,NA,NA,NA,NA,NA,NA
"99",1781,1.56090382267543,22,NA,NA,NA,NA,NA,NA,NA,NA,NA,NA,NA,NA,NA,NA
"100",1782,1.11511363418775,23,NA,NA,NA,NA,NA,NA,NA,NA,NA,NA,NA,NA,NA,NA
"101",1783,1.07211396248085,23,NA,NA,NA,NA,NA,NA,NA,NA,NA,NA,NA,NA,NA,NA
"102",1784,0.906343084828467,24,NA,NA,NA,NA,NA,NA,NA,NA,NA,NA,NA,NA,NA,NA
"103",1785,0.988552134769647,26,NA,NA,NA,NA,NA,NA,NA,NA,NA,NA,NA,NA,NA,NA
"104",1786,1.09252074361907,26,NA,NA,NA,NA,NA,NA,NA,NA,NA,NA,NA,NA,NA,NA
"105",1787,1.04609482877407,27,NA,NA,NA,NA,NA,NA,NA,NA,NA,NA,NA,NA,NA,NA
"106",1788,1.06049235699696,27,NA,NA,NA,NA,NA,NA,NA,NA,NA,NA,NA,NA,NA,NA
"107",1789,1.06101679192336,28,NA,NA,NA,NA,NA,NA,NA,NA,NA,NA,NA,NA,NA,NA
"108",1790,1.1591293395222,28,NA,NA,NA,NA,NA,NA,NA,NA,NA,NA,NA,NA,NA,NA
"109",1791,1.20503804451911,28,NA,NA,NA,NA,NA,NA,NA,NA,NA,NA,NA,NA,NA,NA
"110",1792,1.46460560518799,28,NA,NA,NA,NA,NA,NA,NA,NA,NA,NA,NA,NA,NA,NA
"111",1793,1.49766083917067,28,NA,NA,NA,NA,NA,NA,NA,NA,NA,NA,NA,NA,NA,NA
"112",1794,1.28557068559605,28,NA,NA,NA,NA,NA,NA,NA,NA,NA,NA,NA,NA,NA,NA
"113",1795,1.48580881030272,28,NA,NA,NA,NA,NA,NA,NA,NA,NA,NA,NA,NA,NA,NA
"114",1796,1.2524747184994,28,NA,NA,NA,NA,NA,NA,NA,NA,NA,NA,NA,NA,NA,NA
"115",1797,1.2302034368892,28,NA,NA,NA,NA,NA,NA,NA,NA,NA,NA,NA,NA,NA,NA
"116",1798,1.11680613077092,29,NA,NA,NA,NA,NA,NA,NA,NA,NA,NA,NA,NA,NA,NA
"117",1799,1.02468395203976,29,NA,NA,NA,NA,NA,NA,NA,NA,NA,NA,NA,NA,NA,NA
"118",1800,0.931070197597083,29,NA,NA,NA,NA,NA,NA,NA,NA,NA,NA,NA,NA,NA,NA
"119",1801,1.25025734664332,29,NA,NA,NA,NA,NA,NA,NA,NA,NA,NA,NA,NA,NA,NA
"120",1802,1.34038258584111,29,NA,NA,NA,NA,NA,NA,NA,NA,NA,NA,NA,NA,NA,NA
"121",1803,1.20579939917948,29,NA,NA,NA,NA,NA,NA,NA,NA,NA,NA,NA,NA,NA,NA
"122",1804,1.10485121319353,29,NA,NA,NA,NA,NA,NA,NA,NA,NA,NA,NA,NA,NA,NA
"123",1805,1.11066832311905,30,NA,NA,NA,NA,NA,NA,NA,NA,NA,NA,NA,NA,NA,NA
"124",1806,1.27815075448675,32,NA,NA,NA,NA,NA,NA,NA,NA,NA,NA,NA,NA,NA,NA
"125",1807,1.19262753827467,34,NA,NA,NA,NA,NA,NA,NA,NA,NA,NA,NA,NA,NA,NA
"126",1808,1.56063740187783,38,NA,NA,NA,NA,NA,NA,NA,NA,NA,NA,NA,NA,NA,NA
"127",1809,1.13795005889396,38,NA,NA,NA,NA,NA,NA,NA,NA,NA,NA,NA,NA,NA,NA
"128",1810,1.29577050262001,38,NA,NA,NA,NA,NA,NA,NA,NA,NA,NA,NA,NA,NA,NA
"129",1811,1.37983640081244,38,NA,NA,NA,NA,NA,NA,NA,NA,NA,NA,NA,NA,NA,NA
"130",1812,1.13313463899991,38,NA,NA,NA,NA,NA,NA,NA,NA,NA,NA,NA,NA,NA,NA
"131",1813,1.31111852242611,38,NA,NA,NA,NA,NA,NA,NA,NA,NA,NA,NA,NA,NA,NA
"132",1814,0.889606075945045,38,NA,NA,NA,NA,NA,NA,NA,NA,NA,NA,NA,NA,NA,NA
"133",1815,0.874376871420714,38,NA,NA,NA,NA,NA,NA,NA,NA,NA,NA,NA,NA,NA,NA
"134",1816,0.846121873954374,39,NA,NA,NA,NA,NA,NA,NA,NA,NA,NA,NA,NA,NA,NA
"135",1817,0.91801720572022,39,NA,NA,NA,NA,NA,NA,NA,NA,NA,NA,NA,NA,NA,NA
"136",1818,1.0713642921774,39,NA,NA,NA,NA,NA,NA,NA,NA,NA,NA,NA,NA,NA,NA
"137",1819,0.673744238973759,39,NA,NA,NA,NA,NA,NA,NA,NA,NA,NA,NA,NA,NA,NA
"138",1820,0.780047748601243,41,NA,NA,NA,NA,NA,NA,NA,NA,NA,NA,NA,NA,NA,NA
"139",1821,0.655891557772883,41,NA,NA,NA,NA,NA,NA,NA,NA,NA,NA,NA,NA,NA,NA
"140",1822,0.65614416336728,41,NA,NA,NA,NA,NA,NA,NA,NA,NA,NA,NA,NA,NA,NA
"141",1823,0.910250487061535,43,NA,NA,NA,NA,NA,NA,NA,NA,NA,NA,NA,NA,NA,NA
"142",1824,0.827851837533976,45,NA,NA,NA,NA,NA,NA,NA,NA,NA,NA,NA,NA,NA,NA
"143",1825,0.725301636461063,46,NA,NA,NA,NA,NA,NA,NA,NA,NA,NA,NA,NA,NA,NA
"144",1826,0.696067621013641,47,NA,NA,NA,NA,NA,NA,NA,NA,NA,NA,NA,NA,NA,NA
"145",1827,0.83765113748095,47,NA,NA,NA,NA,NA,NA,NA,NA,NA,NA,NA,NA,NA,NA
"146",1828,1.14333726159427,47,NA,NA,NA,NA,NA,NA,NA,NA,NA,NA,NA,NA,NA,NA
"147",1829,1.07299702879857,48,NA,NA,NA,NA,NA,NA,NA,NA,NA,NA,NA,NA,NA,NA
"148",1830,0.87030201699134,48,NA,NA,NA,NA,NA,NA,NA,NA,NA,NA,NA,NA,NA,NA
"149",1831,0.585132687796275,49,NA,NA,NA,NA,NA,NA,NA,NA,NA,NA,NA,NA,NA,NA
"150",1832,1.04786347574222,49,NA,NA,NA,NA,NA,NA,NA,NA,NA,NA,NA,NA,NA,NA
"151",1833,0.819481168121457,49,NA,NA,NA,NA,NA,NA,NA,NA,NA,NA,NA,NA,NA,NA
"152",1834,0.687095336775485,49,NA,NA,NA,NA,NA,NA,NA,NA,NA,NA,NA,NA,NA,NA
"153",1835,0.435858918395995,52,NA,NA,NA,NA,NA,NA,NA,NA,NA,NA,NA,NA,NA,NA
"154",1836,0.655426056404931,53,NA,NA,NA,NA,NA,NA,NA,NA,NA,NA,NA,NA,NA,NA
"155",1837,0.6977307226414,53,NA,NA,NA,NA,NA,NA,NA,NA,NA,NA,NA,NA,NA,NA
"156",1838,0.784407813771938,53,NA,NA,NA,NA,NA,NA,NA,NA,NA,NA,NA,NA,NA,NA
"157",1839,0.742015644016204,53,NA,NA,NA,NA,NA,NA,NA,NA,NA,NA,NA,NA,NA,NA
"158",1840,0.860810090157808,54,NA,NA,NA,NA,NA,NA,NA,NA,NA,NA,NA,NA,NA,NA
"159",1841,0.888706560184757,54,NA,NA,NA,NA,NA,NA,NA,NA,NA,NA,NA,NA,NA,NA
"160",1842,0.82120008243501,54,NA,NA,NA,NA,NA,NA,NA,NA,NA,NA,NA,NA,NA,NA
"161",1843,0.908258421378604,54,NA,NA,NA,NA,NA,NA,NA,NA,NA,NA,NA,NA,NA,NA
"162",1844,0.995800941051985,55,NA,NA,NA,NA,NA,NA,NA,NA,NA,NA,NA,NA,NA,NA
"163",1845,0.701024118987343,55,NA,NA,NA,NA,NA,NA,NA,NA,NA,NA,NA,NA,NA,NA
"164",1846,0.935568402000856,55,NA,NA,NA,NA,NA,NA,NA,NA,NA,NA,NA,NA,NA,NA
"165",1847,0.828973295332277,55,NA,NA,NA,NA,NA,NA,NA,NA,NA,NA,NA,NA,NA,NA
"166",1848,1.17986134534809,56,NA,NA,NA,NA,NA,NA,NA,NA,NA,NA,NA,NA,NA,NA
"167",1849,0.877403665159115,58,NA,NA,NA,NA,NA,NA,NA,NA,NA,NA,NA,NA,NA,NA
"168",1850,0.651573253282957,58,NA,NA,NA,NA,NA,NA,NA,NA,NA,NA,NA,NA,NA,NA
"169",1851,0.804168548719108,58,NA,NA,NA,NA,NA,NA,NA,NA,NA,NA,NA,NA,NA,NA
"170",1852,0.754748941793714,58,NA,NA,NA,NA,NA,NA,NA,NA,NA,NA,NA,NA,NA,NA
"171",1853,0.957413885334895,58,NA,NA,NA,NA,NA,NA,NA,NA,NA,NA,NA,NA,NA,NA
"172",1854,0.984723306196064,58,NA,NA,NA,NA,NA,NA,NA,NA,NA,NA,NA,NA,NA,NA
"173",1855,0.996191281892907,58,NA,NA,NA,NA,NA,NA,NA,NA,NA,NA,NA,NA,NA,NA
"174",1856,0.827388068756577,59,NA,NA,NA,NA,NA,NA,NA,NA,NA,NA,NA,NA,NA,NA
"175",1857,1.20134171182954,59,NA,NA,NA,NA,NA,NA,NA,NA,NA,NA,NA,NA,NA,NA
"176",1858,1.08450462036052,59,NA,NA,NA,NA,NA,NA,NA,NA,NA,NA,NA,NA,NA,NA
"177",1859,1.28144288316463,60,NA,NA,NA,NA,NA,NA,NA,NA,NA,NA,NA,NA,NA,NA
"178",1860,1.13668655486582,60,NA,NA,NA,NA,NA,NA,NA,NA,NA,NA,NA,NA,NA,NA
"179",1861,1.15139552503695,60,NA,NA,NA,NA,NA,NA,NA,NA,NA,NA,NA,NA,NA,NA
"180",1862,1.09630449851562,60,NA,NA,NA,NA,NA,NA,NA,NA,NA,NA,NA,NA,NA,NA
"181",1863,1.12538904310078,60,NA,NA,NA,NA,NA,NA,NA,NA,NA,NA,NA,NA,NA,NA
"182",1864,1.02749048896769,61,NA,NA,NA,NA,NA,NA,NA,NA,NA,NA,NA,NA,NA,NA
"183",1865,1.11519400198539,61,NA,NA,NA,NA,NA,NA,NA,NA,NA,NA,NA,NA,NA,NA
"184",1866,1.17102288943519,63,NA,NA,NA,NA,NA,NA,NA,NA,NA,NA,NA,NA,NA,NA
"185",1867,1.32362980088785,64,NA,NA,NA,NA,NA,NA,NA,NA,NA,NA,NA,NA,NA,NA
"186",1868,1.05574681941606,65,NA,NA,NA,NA,NA,NA,NA,NA,NA,NA,NA,NA,NA,NA
"187",1869,0.973835407428419,66,NA,NA,NA,NA,NA,NA,NA,NA,NA,NA,NA,NA,NA,NA
"188",1870,0.994911667166744,68,NA,NA,NA,NA,NA,NA,NA,NA,NA,NA,NA,NA,NA,NA
"189",1871,0.979084242687313,68,NA,NA,NA,NA,NA,NA,NA,NA,NA,NA,NA,NA,NA,NA
"190",1872,0.84114467315506,69,NA,NA,NA,NA,NA,NA,NA,NA,NA,NA,NA,NA,NA,NA
"191",1873,0.873403542597605,71,NA,NA,NA,NA,NA,NA,NA,NA,NA,NA,NA,NA,NA,NA
"192",1874,0.862123910608999,71,NA,NA,NA,NA,NA,NA,NA,NA,NA,NA,NA,NA,NA,NA
"193",1875,0.920878734765402,72,NA,NA,NA,NA,NA,NA,NA,NA,NA,NA,NA,NA,NA,NA
"194",1876,0.923874207101926,76,NA,NA,NA,NA,NA,NA,NA,NA,NA,NA,NA,NA,NA,NA
"195",1877,0.892537646791528,76,NA,NA,NA,NA,NA,NA,NA,NA,NA,NA,NA,NA,NA,NA
"196",1878,0.884374513166449,76,NA,NA,NA,NA,NA,NA,NA,NA,NA,NA,NA,NA,NA,NA
"197",1879,0.994964569594266,77,NA,NA,NA,NA,NA,NA,NA,NA,NA,NA,NA,NA,NA,NA
"198",1880,0.94167396395808,77,NA,NA,NA,NA,NA,NA,NA,NA,NA,NA,NA,NA,NA,NA
"199",1881,1.05235861885734,77,NA,NA,NA,NA,NA,NA,NA,NA,NA,NA,NA,NA,NA,NA
"200",1882,0.52207513913,77,NA,NA,NA,NA,NA,NA,NA,NA,NA,NA,NA,NA,NA,NA
"201",1883,0.349987120967654,77,NA,NA,NA,NA,NA,NA,NA,NA,NA,NA,NA,NA,NA,NA
"202",1884,0.427498878788743,79,NA,NA,NA,NA,NA,NA,NA,NA,NA,NA,NA,NA,NA,NA
"203",1885,0.46641789934647,79,NA,NA,NA,NA,NA,NA,NA,NA,NA,NA,NA,NA,NA,NA
"204",1886,0.595622056924787,79,NA,NA,NA,NA,NA,NA,NA,NA,NA,NA,NA,NA,NA,NA
"205",1887,0.497856234024593,79,NA,NA,NA,NA,NA,NA,NA,NA,NA,NA,NA,NA,NA,NA
"206",1888,0.617977806799031,79,NA,NA,NA,NA,NA,NA,NA,NA,NA,NA,NA,NA,NA,NA
"207",1889,0.632148383164666,80,NA,NA,NA,NA,NA,NA,NA,NA,NA,NA,NA,NA,NA,NA
"208",1890,0.659161394965267,81,NA,NA,NA,NA,NA,NA,NA,NA,NA,NA,NA,NA,NA,NA
"209",1891,0.597888894683277,82,NA,NA,NA,NA,NA,NA,NA,NA,NA,NA,NA,NA,NA,NA
"210",1892,0.467197316533791,82,NA,NA,NA,NA,NA,NA,NA,NA,NA,NA,NA,NA,NA,NA
"211",1893,0.563368622007448,82,NA,NA,NA,NA,NA,NA,NA,NA,NA,NA,NA,NA,NA,NA
"212",1894,0.496869753074021,84,NA,NA,NA,NA,NA,NA,NA,NA,NA,NA,NA,NA,NA,NA
"213",1895,0.731460490467302,84,NA,NA,NA,NA,NA,NA,NA,NA,NA,NA,NA,NA,NA,NA
"214",1896,0.765894832893275,84,NA,NA,NA,NA,NA,NA,NA,NA,NA,NA,NA,NA,NA,NA
"215",1897,0.730936035968463,84,NA,NA,NA,NA,NA,NA,NA,NA,NA,NA,NA,NA,NA,NA
"216",1898,0.724557209673274,85,NA,NA,NA,NA,NA,NA,NA,NA,NA,NA,NA,NA,NA,NA
"217",1899,0.571815944605314,85,NA,NA,NA,NA,NA,NA,NA,NA,NA,NA,NA,NA,NA,NA
"218",1900,0.686522592041885,85,NA,NA,NA,NA,NA,NA,NA,NA,NA,NA,NA,NA,NA,NA
"219",1901,0.804588880654869,85,-27,-25.3999996185303,-13.8000001907349,-8.19999980926514,2.79999995231628,10.5,12.1000003814697,8.80000019073486,4.09999990463257,-6.20000028610229,-18.3000011444092,-21.3999996185303,-1.35444442662928,-0.901111072964143
"220",1902,0.832361665702188,87,-23.8000011444092,-19.1000003814697,-21.5,-7.70000028610229,3.70000004768372,11.3000001907349,13,9.5,3.10000014305115,-6.09999990463257,-21,-29.7000007629395,-0.887777847382747,-0.101111200120696
"221",1903,0.976719067194427,87,-29.1000003814697,-21.8000011444092,-16.8999996185303,-8.80000019073486,2.90000009536743,10.9000005722046,11.6999998092651,10.1000003814697,3.20000004768372,-9.90000057220459,-21.3000011444092,-18.8000011444092,-1.37111107740138,-0.46777767605253
"222",1904,0.838455884407636,88,-28,-28.6000003814697,-19.7000007629395,-4.30000019073486,4.09999990463257,10.8000001907349,13,7.70000028610229,1.30000007152557,-7.70000028610229,-19.3999996185303,-19.8999996185303,-0.937777819567248,-0.867777771419933
"223",1905,0.846467791065192,89,-23.6000003814697,-17.2000007629395,-12,-2.90000009536743,5.40000009536743,11.3000001907349,11.8000001907349,9.30000019073486,1.10000002384186,-8.40000057220459,-13.6000003814697,-24.3000011444092,-0.371111097269573,-0.567777739630776
"224",1906,1.11646370693909,89,-35,-19.8000011444092,-12.6000003814697,-6.30000019073486,4.40000009536743,11,11.8000001907349,8.90000057220459,3.70000004768372,-5.70000028610229,-18.8000011444092,-27.8000011444092,-0.78777774406803,-0.801111009385833
"225",1907,1.05210277000577,90,-24.6000003814697,-29.7000007629395,-18.8000011444092,-4.70000028610229,5.70000028610229,9.90000057220459,11.6000003814697,9.90000057220459,3.5,-8.60000038146973,-19.1000003814697,-21.3999996185303,-0.38777760896418,-0.901110755072703
"226",1908,1.08614690433163,90,-23.3999996185303,-20.6000003814697,-17.3999996185303,-6.40000009536743,4.80000019073486,11,12.4000005722046,8.69999980926514,1.10000002384186,-10.6999998092651,-17.8999996185303,-19.8000011444092,-1.10444444649749,-0.667777803209083
"227",1909,1.03712414537724,91,-33.5,-26.7000007629395,-16,-8.80000019073486,4,10,12.5,8.80000019073486,1.39999997615814,-9.5,-23.3000011444092,-24.8999996185303,-1.7211112005843,-0.934444533454043
"228",1910,0.941122886922001,91,-27,-26,-16.5,-8.19999980926514,4.09999990463257,9.80000019073486,11.6000003814697,8.19999980926514,4.20000028610229,-8.19999980926514,-18.5,-25.8999996185303,-1.42111106945409,-1.50111113654243
"229",1911,1.04561720430212,91,-31.3000011444092,-18.3999996185303,-18.3000011444092,-9.10000038146973,3.60000014305115,10.3000001907349,12.4000005722046,9.30000019073486,4.20000028610229,-3.90000009536743,-20.1000003814697,-22.6000003814697,-1.25444436305098,-0.701110945807543
"230",1912,0.663489978989998,91,-21.5,-15.6999998092651,-11.5,-3.60000014305115,5.80000019073486,8.40000057220459,11.5,8.69999980926514,3.70000004768372,-5.90000009536743,-17,-23.6000003814697,-0.6211111171378,-1.83444446987575
"231",1913,1.00297859523152,93,-31.2000007629395,-17.5,-15.1000003814697,-6,4.40000009536743,11.8000001907349,11.6000003814697,8.10000038146973,2,-8.90000057220459,-17.8000011444092,-22.6000003814697,-1.0544443551037,-0.86777761247422
"232",1914,0.925213217858122,93,-25.8999996185303,-17.7000007629395,-15.8000001907349,-6.20000028610229,4.70000028610229,11.3000001907349,12.1999998092651,10.1000003814697,1.80000007152557,-4,-16.7000007629395,-16.7000007629395,-0.721111121111448,-0.167777803209097
"233",1915,0.935550191435998,93,-19.2000007629395,-22.3999996185303,-11.1999998092651,-1.70000004768372,6.20000028610229,12.3000001907349,14.1000003814697,9.90000057220459,4.40000009536743,-10.6999998092651,-17.2000007629395,-22.5,1.16222238308854,0.732222451104067
"234",1916,0.80380458462828,93,-25.7000007629395,-23.5,-20.5,-3.29999995231628,3.79999995231628,10.5,11.8000001907349,9.40000057220459,3.90000009536743,-5.20000028610229,-18,-26.8999996185303,-0.35444438689284,-0.801111009385833
"235",1917,0.902380419511861,96,-28.8000011444092,-19.5,-14.1000003814697,-5.30000019073486,3.29999995231628,9.40000057220459,10.6000003814697,10.1999998092651,4,-7.59999990463257,-23.3000011444092,-31.8999996185303,-1.00444444252386,-1.30111100938587
"236",1918,0.962923614947092,96,-24.3999996185303,-23.5,-21.2000007629395,-7.90000009536743,2.10000014305115,9,13,8.60000038146973,5.20000028610229,-7.70000028610229,-19.3999996185303,-23.8000011444092,-1.37111107740137,-1.16777780320909
"237",1919,0.595367959232876,96,-26.3999996185303,-20.2000007629395,-18.3999996185303,-4.80000019073486,4,8.40000057220459,12.5,10,4.20000028610229,-7.90000009536743,-20.5,-24.3000011444092,-0.65444441868199,-1.0677777396308
"238",1920,0.819229382873522,96,-29.2000007629395,-15.3000001907349,-19.5,-9.60000038146973,1.39999997615814,9.80000019073486,11.1000003814697,8.5,2.5,-9.69999980926514,-17.2000007629395,-23.3000011444092,-2.42111116879517,-1.56777773963081
"239",1921,0.823416612707204,97,-29.1000003814697,-23.8999996185303,-15.5,-6.20000028610229,3.20000004768372,10.9000005722046,12,10.4000005722046,2,-7.30000019073486,-18.6000003814697,-20.7000007629395,-0.987777712278888,-0.26777754889593
"240",1922,0.61557246174011,98,-21.3000011444092,-22.6000003814697,-19.6000003814697,-5.80000019073486,1.89999997615814,8.90000057220459,10.4000005722046,8.30000019073486,1.80000007152557,-4.90000009536743,-17.3999996185303,-23.2000007629395,-2.12111099792851,-2.16777748531765
"241",1923,0.946311082519197,98,-27.3999996185303,-17.8999996185303,-17.6000003814697,-5.40000009536743,4.20000028610229,10.6999998092651,13.1000003814697,12.1000003814697,3.79999995231628,-2.5,-14.1999998092651,-27.3000011444092,0.0455555892652798,0.598888927035837
"242",1924,0.718662028209645,101,-23.2000007629395,-22.8000011444092,-10.9000005722046,-11.9000005722046,4,10,10.5,8.69999980926514,2.5,-10.3000001907349,-15.3000001907349,-26.2000007629395,-2.40444465710057,-1.63444466061062
"243",1925,0.738725810457883,101,-33.1000022888184,-27.7000007629395,-17,-6.09999990463257,4.80000019073486,10.1999998092651,11.3000001907349,9.69999980926514,4.70000028610229,-3.5,-14.3000001907349,-21.8000011444092,-0.604444466365707,-0.96777799394395
"244",1926,0.865319134394135,105,-13.5,-21,-9.60000038146973,-3,5,11.5,12.1000003814697,9.90000057220459,5,-4.80000019073486,-13.9000005722046,-24.3000011444092,0.378888962335055,-0.201110945807567
"245",1927,0.928545981363994,105,-24.3000011444092,-19.8999996185303,-17,-10.1999998092651,3.90000009536743,11,13.1000003814697,9.60000038146973,2.10000014305115,-9.5,-24.3000011444092,-26.5,-1.45444433126184,-0.134444342719187
"246",1928,0.871695567144063,105,-20.2000007629395,-16.6000003814697,-19.8000011444092,-7,3.70000004768372,10.5,11.6999998092651,8.80000019073486,2.40000009536743,-8.10000038146973,-13.4000005722046,-18.8999996185303,-1.35444450610214,-1.03444459703234
"247",1929,1.127215082962,108,-20.3000011444092,-17.6000003814697,-19.3000011444092,-6.70000028610229,3.79999995231628,10.5,10.6000003814697,8.60000038146973,6.09999990463257,-5,-14,-25,-0.887777807646328,-1.46777767605252
"248",1930,0.950210666917962,109,-24.3999996185303,-27.8000011444092,-17.7000007629395,-7.09999990463257,4.5,10.1999998092651,12.5,9.90000057220459,3.60000014305115,-7.90000009536743,-20.2000007629395,-18.8000011444092,-0.771111093295949,-0.501111136542434
"249",1931,0.89997670571034,110,-20.2000007629395,-17,-16.7000007629395,-6.20000028610229,2.40000009536743,9.90000057220459,10.6000003814697,8.40000057220459,3.20000004768372,-7.80000019073486,-16.3000011444092,-23.8000011444092,-1.6544442994727,-1.73444408840604
"250",1932,1.00860298797865,111,-28.8000011444092,-29.5,-14.1999998092651,-3.70000004768372,3.90000009536743,9.10000038146973,11.6000003814697,8.5,2.70000004768372,-6.30000019073486,-23.5,-24.8999996185303,-1.02111105355952,-1.63444434271919
"251",1933,0.928699035528177,112,-31.2000007629395,-24.1000003814697,-17.2000007629395,-5.20000028610229,4,8.10000038146973,11.1000003814697,9,2.40000009536743,-10,-16.7000007629395,-33.2999992370605,-1.47111110124323,-1.96777767605252
"252",1934,1.17132963083878,112,-30.8000011444092,-15.6999998092651,-16.3999996185303,-4.70000028610229,3.60000014305115,9.69999980926514,10.6999998092651,9.19999980926514,3.29999995231628,-5.09999990463257,-17.6000003814697,-20.3999996185303,-1.07111132376724,-1.50111145443387
"253",1935,1.3088120038381,112,-26.3000011444092,-16.3999996185303,-18.5,-6.5,1.80000007152557,9,11.9000005722046,7.20000028610229,2.5,-8.80000019073486,-19.8999996185303,-24.8999996185303,-2.05444437497192,-2.0011109775967
"254",1936,1.19447693131901,114,-24,-28,-16.3999996185303,-6.5,4.20000028610229,12.5,12,10.9000005722046,2.5,-5.59999990463257,-15.1000003814697,-27.7000007629395,-0.437777720226178,0.432222260369204
"255",1937,1.13258770155372,114,-17.8000011444092,-24.5,-15.6999998092651,-6.80000019073486,2.40000009536743,11.1000003814697,11.4000005722046,8.19999980926514,5,-4.09999990463257,-14.4000005722046,-24.3000011444092,-1.15444441868199,-1.13444434271918
"256",1938,1.02470826798191,116,-26.6000003814697,-24.3999996185303,-14.9000005722046,-3.70000004768372,4.09999990463257,9.30000019073486,11.8000001907349,9.80000019073486,6.09999990463257,-2.10000014305115,-15.8000001907349,-21.6000003814697,-0.13777780764632,-1.06777773963079
"257",1939,1.12891578913769,116,-24.6000003814697,-22.5,-18.2000007629395,-5.30000019073486,3.70000004768372,10.4000005722046,12.1000003814697,8.60000038146973,2.70000004768372,-9.69999980926514,-18.6000003814697,-18,-1.00444432331456,-1.00111081865099
"258",1940,0.846919273257035,117,-18.8999996185303,-18.3999996185303,-14.3000001907349,-0.400000005960464,4.70000028610229,10.5,12.8000001907349,9.90000057220459,4.80000019073486,-5.20000028610229,-17.2000007629395,-19.8999996185303,0.678889009025369,-0.301111009385833
"259",1941,1.16811022241619,117,-24,-16.3999996185303,-13.5,-2.40000009536743,4.59999990463257,11.3000001907349,11.4000005722046,10.8000001907349,3.29999995231628,-8.80000019073486,-20.1000003814697,-24.8000011444092,0.128888922598644,-0.201110945807529
"260",1942,1.20055506674573,118,-17.6000003814697,-14.6000003814697,-16.1000003814697,-4.20000028610229,6.70000028610229,11.4000005722046,12.4000005722046,10.3000001907349,5.59999990463257,-4.80000019073486,-21.5,-30.8999996185303,0.662222343352119,-0.00111081865096274
"261",1943,1.30713501556683,121,-29.2000007629395,-17.8999996185303,-16.3000011444092,-4.90000009536743,4.70000028610229,12,12.1999998092651,9,4.20000028610229,-4.80000019073486,-12.1000003814697,-17.3000011444092,-0.171111148926952,-0.301111327277297
"262",1944,1.16817070445277,122,-20.8999996185303,-15.5,-16.7000007629395,-7.90000009536743,4.70000028610229,11,12.6999998092651,8.69999980926514,3.10000014305115,-4.80000019073486,-15.9000005722046,-19.7000007629395,-0.987777871224618,-0.56777805752225
"263",1945,1.18719667102128,124,-17.3000011444092,-17.6000003814697,-15.6999998092651,-9.10000038146973,1.5,8.80000019073486,11.4000005722046,8.90000057220459,3.40000009536743,-6.59999990463257,-23.5,-21.3000011444092,-2.22111102177037,-1.66777748531765
"264",1946,1.43424129154978,124,-21.3000011444092,-19.7000007629395,-19.8999996185303,-7.09999990463257,4.40000009536743,12.3000001907349,13.1000003814697,8.40000057220459,3.29999995231628,-4.5,-21.3000011444092,-31.2000007629395,-0.637777648700605,-0.101110882229266
"265",1947,1.03719332614442,126,-31.3999996185303,-20.2000007629395,-12,-6.09999990463257,4.70000028610229,9.30000019073486,13.1999998092651,7.40000009536743,2.60000014305115,-6.70000028610229,-12.3000001907349,-16.8999996185303,-1.18777775996262,-1.40111123190987
"266",1948,1.18518882546008,126,-19.7000007629395,-23.8000011444092,-18.7000007629395,-9.40000057220459,3.70000004768372,11.1000003814697,11.3000001907349,7.09999990463257,2,-6.5,-20.8999996185303,-29,-2.07111120455794,-1.53444443808661
"267",1949,0.737264261177088,128,-23.2000007629395,-26.7000007629395,-11,-8.10000038146973,2.10000014305115,7.59999990463257,11.6999998092651,9.69999980926514,5.90000009536743,-6.20000028610229,-11.9000005722046,-26.3999996185303,-1.55444463325872,-1.70111142264473
"268",1950,1.32023336767024,130,-24.8000011444092,-29.5,-12.4000005722046,-6.09999990463257,4.30000019073486,11,12.8000001907349,10.9000005722046,4.90000009536743,-6.90000009536743,-23.8000011444092,-21.3000011444092,-0.0711110058757899,0.19888899061417
"269",1951,0.961295309001363,130,-29.3999996185303,-24.3999996185303,-21.5,-3.70000004768372,5.30000019073486,9.69999980926514,12.8000001907349,10.6999998092651,4.80000019073486,-9.90000057220459,-13.6999998092651,-24.8000011444092,0.228888827231197,-0.301111327277283
"270",1952,1.237915566102,132,-29.8000011444092,-20.5,-16.3000011444092,-6.80000019073486,1,10.1000003814697,11.9000005722046,8.60000038146973,2.20000004768372,-4.40000009536743,-9.80000019073486,-20.1000003814697,-1.87111099792851,-1.16777748531765
"271",1953,1.07743889881303,132,-30.5,-18.3000011444092,-17.5,-2.5,5.70000028610229,12.1000003814697,13.1000003814697,9.80000019073486,4,-7.30000019073486,-17.8999996185303,-20.8000011444092,0.662222343352098,0.298889054192423
"272",1954,1.08318907279529,132,-24.8999996185303,-27.2000007629395,-13.9000005722046,-8.40000057220459,5,10.1000003814697,11.5,10.6000003814697,3,-4.5,-12.6999998092651,-29.7000007629395,-1.07111116482153,-0.634444342719197
"273",1955,1.17020608278868,132,-19.5,-25.3999996185303,-16.3000011444092,-8.40000057220459,3.5,9.40000057220459,13.3000001907349,8.10000038146973,3.60000014305115,-7.70000028610229,-25.5,-26.3000011444092,-1.4544444107347,-1.10111088222926
"274",1956,0.938465765114629,132,-29.1000003814697,-25.6000003814697,-16.8000011444092,-5,4,9.90000057220459,12.4000005722046,9.19999980926514,2.5,-11.1999998092651,-20.8999996185303,-31.6000003814697,-0.871111037664938,-0.86777761247422
"275",1957,1.13185446245674,132,-19.6000003814697,-21.8999996185303,-12.9000005722046,-4.59999990463257,4.09999990463257,12.3000001907349,12.1000003814697,12,4,-5.20000028610229,-12.5,-26.8000011444092,0.278888898756773,0.765555593702537
"276",1958,1.21613200000426,132,-20.3000011444092,-21.3999996185303,-13.4000005722046,-3.29999995231628,4.80000019073486,13.3000001907349,13.6000003814697,10.5,3.70000004768372,-12,-18.8000011444092,-23.5,0.72888894644049,1.09888892703587
"277",1959,1.08221242181996,132,-30.2000007629395,-16.8999996185303,-23.2000007629395,-7.70000028610229,3.29999995231628,11.6999998092651,10.1000003814697,8.60000038146973,3.10000014305115,-8.60000038146973,-17.3999996185303,-23.8999996185303,-1.52111113303238,-1.23444440629749
"278",1960,1.49353545658006,132,-22.8999996185303,-17.1000003814697,-18.8000011444092,-7.30000019073486,6.40000009536743,9.60000038146973,11.9000005722046,9.19999980926514,2.5,-6.80000019073486,-20.1000003814697,-16.8999996185303,-0.98777775201532,-1.13444434271917
"279",1961,1.33989743030042,132,-20.6000003814697,-22.7000007629395,-20.5,-8.69999980926514,4.90000009536743,10.4000005722046,11.6999998092651,9.10000038146973,3.70000004768372,-9.60000038146973,-21.5,-32.2000007629395,-1.18777768048975,-0.96777767605252
"280",1962,1.34178676978215,132,-23.1000003814697,-17.3999996185303,-17.6000003814697,-5.90000009536743,2.10000014305115,10.1999998092651,13,11,2.20000004768372,-4.90000009536743,-16.7000007629395,-22.5,-0.937777879171903,0.0322220060560365
"281",1963,0.916198475794549,136,-20.1000003814697,-19,-17.3999996185303,-6.40000009536743,5.09999990463257,8.60000038146973,12,10,4.40000009536743,-6.40000009536743,-23.7000007629395,-17.8000011444092,-0.754444482260277,-1.16777780320909
"282",1964,1.31177393427096,136,-26.8999996185303,-19.5,-21.8000011444092,-8.40000057220459,0,10.6999998092651,11.6000003814697,9.60000038146973,4,-5,-17.3999996185303,-33.1000022888184,-1.78777786327734,-0.734444406297487
"283",1965,1.11643404940812,136,-27.3000011444092,-27.5,-7.5,-4.70000028610229,2,9.10000038146973,11.9000005722046,8.69999980926514,5.5,-11.8000001907349,-17.8999996185303,-25.3999996185303,-0.95444445047113,-1.46777767605251
"284",1966,1.12428798199185,136,-32.7000007629395,-22.1000003814697,-20.2000007629395,-7.5,2.70000004768372,11.6000003814697,12.1999998092651,9.10000038146973,5,-7.59999990463257,-19.6000003814697,-26.7000007629395,-0.854444426629285,-0.401111072964153
"285",1967,1.11194341808671,136,-26.5,-22.6000003814697,-15.3000001907349,-4.70000028610229,3.29999995231628,11.5,11.6999998092651,10.1000003814697,4.40000009536743,-7.5,-15.4000005722046,-21.7000007629395,-0.321111204557957,-0.267777866787397
"286",1968,1.12408522626609,136,-25.6000003814697,-21.3999996185303,-12.6999998092651,-6.5,3.90000009536743,10.5,13.8000001907349,10.4000005722046,2.40000009536743,-8.5,-17.5,-29.3999996185303,-0.621111037664933,0.19888899061417
"287",1969,1.03186770765295,136,-32.7999992370605,-23.2000007629395,-15,-2,5.20000028610229,13.3000001907349,11.1000003814697,6.40000009536743,4.80000019073486,-3.10000014305115,-19.6000003814697,-16,0.0955556607908699,-1.10111104117499
"288",1970,0.682667722924194,136,-27.1000003814697,-15.6999998092651,-10.6000003814697,-4.80000019073486,5,9.30000019073486,12,9.30000019073486,0.699999988079071,-11.1999998092651,-15.6999998092651,-24.8000011444092,-1.12111116680834,-1.16777780320909
"289",1971,1.22183810221098,136,-35.7000007629395,-22.5,-20.7000007629395,-7.40000009536743,3.40000009536743,12,12.1999998092651,9.19999980926514,3.29999995231628,-8.30000019073486,-20.1000003814697,-24.3999996185303,-0.92111126813624,-0.234444724188917
"290",1972,0.952801393718041,136,-30.2000007629395,-27,-22,-11.1999998092651,3.29999995231628,10.5,13.4000005722046,11.1999998092651,1.60000002384186,-7.20000028610229,-17.2000007629395,-23.2000007629395,-1.57111110521687,0.332222196790903
"291",1973,0.790695140376128,136,-29.3999996185303,-22.6000003814697,-15.1999998092651,-3.70000004768372,4.70000028610229,10.5,12.1000003814697,8.69999980926514,4.5,-8.40000057220459,-23.3999996185303,-21.8000011444092,-0.237777791751758,-0.93444453345405
"292",1974,1.05488430221248,138,-28.7000007629395,-28.3000011444092,-17.8000011444092,-4.90000009536743,5,9.69999980926514,12.4000005722046,10.6999998092651,5.80000019073486,-9.19999980926514,-19,-24.8000011444092,0.0788888510730517,-0.43444453345405
"293",1975,1.05717657505431,138,-28.2000007629395,-22.6000003814697,-14.8000001907349,-5.90000009536743,5.40000009536743,10.9000005722046,13.9000005722046,9.69999980926514,3.79999995231628,-8,-23.8999996185303,-28.8000011444092,-0.0711110456122231,0.132222387525784
"294",1976,0.971098059625201,138,-25,-27,-15.6000003814697,-3,4.20000028610229,10.6000003814697,12.6999998092651,11.6000003814697,5.20000028610229,-7.5,-10.9000005722046,-22.7000007629395,0.51222232745752,0.265555593702503
"295",1977,1.04090628516211,138,-15.5,-13.8000001907349,-18.1000003814697,-6.80000019073486,4.40000009536743,10.8000001907349,13,13.1000003814697,4.80000019073486,-6.20000028610229,-23.2000007629395,-27.3000011444092,0.178888914651345,0.932222260369204
"296",1978,0.898045256433898,140,-19.6000003814697,-18.3000011444092,-13.5,-3.70000004768372,4.70000028610229,9,13.6000003814697,11.1000003814697,5.80000019073486,-8.5,-15.1999998092651,-20.2000007629395,0.378889002071478,-0.134444342719197
"297",1979,1.03870015393552,140,-22.5,-29.7000007629395,-15,-5,5.90000009536743,10,13,12.3000001907349,5.09999990463257,-3.70000004768372,-10,-27,0.512222168511823,0.398888799879304
"298",1980,1.24487007064012,140,-26.1000003814697,-14.3000001907349,-12.9000005722046,-3.10000014305115,6.20000028610229,11.1000003814697,12.4000005722046,9.10000038146973,1.89999997615814,-4.20000028610229,-14.1999998092651,-33.7000007629395,-0.104444287551775,-0.501110818650986
"299",1981,0.992187830902378,139,-10.4000005722046,-17.6000003814697,-8.69999980926514,-5.90000009536743,7.5,9.69999980926514,10.8000001907349,9,3.10000014305115,-5.40000009536743,-14.8000001907349,-22.5,-0.671111188663366,-1.53444459703232
"300",1982,1.48638408194779,139,-31.1000003814697,-22.6000003814697,-15.4000005722046,-7,2.60000014305115,10.6999998092651,13.1000003814697,9.5,5.5,-11.6999998092651,-19.2000007629395,-20.3999996185303,-0.637777807646335,-0.267777866787397
"301",1983,1.24048837917757,139,-26.8000011444092,-19.2000007629395,-16.3000011444092,-3.10000014305115,4.09999990463257,11.6000003814697,13,8.60000038146973,0.699999988079071,-9.10000038146973,-15.5,-23.2000007629395,-0.554444444510673,-0.301111009385853
"302",1984,1.11730020237309,139,-23.3000011444092,-25.2000007629395,-11.3000001907349,-5.40000009536743,3.90000009536743,11.6999998092651,11.6999998092651,8.40000057220459,4.5,-7.80000019073486,-20.3000011444092,-23.5,-0.571111164821529,-0.7677778667874
"303",1985,1.17697637700308,141,-12.9000005722046,-25.1000003814697,-13.9000005722046,-10.6999998092651,3.40000009536743,9.5,12.3000001907349,9.19999980926514,3.20000004768372,-10.1999998092651,-22.2000007629395,-14.9000005722046,-1.88777780764631,-1.03444459703232
"304",1986,1.11969592296512,141,-18.8000011444092,-18.1000003814697,-18.2000007629395,-10.9000005722046,3.20000004768372,11.4000005722046,12.6999998092651,8.40000057220459,4.40000009536743,-7,-21.3000011444092,-16,-1.50444444252385,-0.5344442791409
"305",1987,0.892254223021066,141,-18.8999996185303,-18.5,-15.6000003814697,-4.90000009536743,4.90000009536743,11.1999998092651,13.1000003814697,10,3.29999995231628,-3.70000004768372,-15.5,-21,-0.104444506102147,0.0655554665459365
"306",1988,0.949662185472371,141,-22.1000003814697,-18.8000011444092,-12.3000001907349,-3.60000014305115,5.80000019073486,12,13.5,10.1000003814697,3.60000014305115,-10.4000005722046,-20.3999996185303,-18,0.528888898756767,0.49888886345757
"307",1989,1.08558209701798,141,-31.5,-17.6000003814697,-18.3999996185303,-2.20000004768372,4.59999990463257,10.9000005722046,13.6999998092651,12.1999998092651,5.5,-7.09999990463257,-23,-17.3000011444092,1.07888881133661,0.89888879987927
"308",1990,1.11592058760316,141,-25.8999996185303,-31.2000007629395,-11.6999998092651,-1.70000004768372,7.40000009536743,11.8000001907349,14,11.1999998092651,4.09999990463257,-8.19999980926514,-24.3999996185303,-24.7000007629395,1.42888879544205,0.96555540296767
"309",1991,0.992821202768291,141,-22.2000007629395,-19.8999996185303,-15.1000003814697,-2.60000014305115,6.5,12.1000003814697,11.6999998092651,8.90000057220459,5.59999990463257,-8.30000019073486,-19.2000007629395,-22.5,0.662222224142808,-0.467777676052534
"310",1992,1.02549797410851,141,-19.6000003814697,-22.3999996185303,-12.9000005722046,-6.70000028610229,2,11.6999998092651,13.5,9.80000019073486,0.200000002980232,-10.5,-15.4000005722046,-25.2000007629395,-1.28777791046434,0.29888873630099
"311",1993,0.731038783747402,141,-22.6000003814697,-18.5,-12.3000001907349,-1.10000002384186,6.59999990463257,12.1000003814697,14.3000001907349,10.1000003814697,3.70000004768372,-4.5,-16.1000003814697,-18.7000007629395,1.2455556170808,0.798889054192437
"312",1994,0.770768823099047,141,-21.3999996185303,-23.6000003814697,-14.5,-3,6,10.8000001907349,14,12.1000003814697,3.40000009536743,-7.5,-20.8999996185303,-24,0.845555581318012,0.932222260369204
"313",1995,0.937591173872186,141,-22.7000007629395,-19.1000003814697,-18.3000011444092,-0.200000002980232,7.5,11.9000005722046,12.9000005722046,10,6.40000009536743,-7,-20.3000011444092,-22.8000011444092,1.71222234285541,0.23222245110407
"314",1996,0.948658934260834,141,-29.8000011444092,-20.3999996185303,-13.9000005722046,-4.90000009536743,4.80000019073486,11,12.8000001907349,8.60000038146973,2.40000009536743,-13.5,-21.5,-26,-0.587777736120745,-0.567777739630786
"315",1997,1.05342032927744,141,-26.6000003814697,-14.4000005722046,-18,-3.90000009536743,5.09999990463257,12,13.6999998092651,11.1999998092651,6.20000028610229,-10.6000003814697,-14.6999998092651,-20.7000007629395,1.01222208903894,0.932221942477736
"316",1998,0.891724901537398,141,-22,-16.8999996185303,-12.8000001907349,-1.10000002384186,6.5,11.6000003814697,13.4000005722046,9.10000038146973,4.90000009536743,-7,-17.8000011444092,-22.8000011444092,1.02888903783427,-0.00111081865098643
"317",1999,1.05676318693767,141,-26.7000007629395,-26.3000011444092,-15.5,-4.20000028610229,4.30000019073486,12.4000005722046,12.8000001907349,11.3000001907349,4.80000019073486,-8.10000038146973,-19.8999996185303,-23.6000003814697,0.528888978229645,0.798889054192471
"318",2000,1.07670589089007,141,-23.8000011444092,-14.1999998092651,-11.1000003814697,-5.09999990463257,2.90000009536743,11.8000001907349,12,8,2.5,-8.40000057220459,-13.8000001907349,-19.5,-1.02111113303237,-0.767777866787363
"319",2001,0.976397532667553,141,-15.6000003814697,-17.1000003814697,-14.3000001907349,-4.59999990463257,2.60000014305115,11.9000005722046,12.1000003814697,11,5.20000028610229,-8.30000019073486,-18.6000003814697,-23.8000011444092,-0.00444428357813168,0.298889054192437
"320",2002,0.957746583137824,141,-18,-19.7000007629395,-16.6000003814697,-8.19999980926514,5.20000028610229,10.8000001907349,12.6999998092651,9.10000038146973,5.09999990463257,-3.90000009536743,-9.69999980926514,-15.6999998092651,-0.587777736120752,-0.50111113654242
"321",2003,0.914020120087447,141,-20.5,-15.1999998092651,-15.6000003814697,-3.60000014305115,4.20000028610229,11.1999998092651,13.4000005722046,10.1000003814697,3.10000014305115,-3.29999995231628,-16.8999996185303,-22.2000007629395,0.0288889782296216,0.198888990614137
"322",2004,0.94090654758129,141,-27.2000007629395,-18.6000003814697,-17.1000003814697,-3.29999995231628,6.30000019073486,13.4000005722046,14.1999998092651,12.3000001907349,2.10000014305115,-5.90000009536743,-15.1000003814697,-21.2000007629395,1.12888896233506,1.9322222603692
"323",2005,0.684044442462512,141,-22.2000007629395,-19.8000011444092,-10.6999998092651,-3.5,7.70000028610229,11.6999998092651,12.4000005722046,10.9000005722046,5.40000009536743,-5.20000028610229,-20.5,-17.2000007629395,1.06222235924668,0.298889054192437
"324",2006,0.941601327834774,141,-25.3000011444092,-15.8000001907349,-17.1000003814697,-5.20000028610229,6.20000028610229,11.3000001907349,13.1000003814697,9.90000057220459,5.80000019073486,-4.5,-23.8000011444092,-18.8999996185303,0.478889025913348,0.0655557844374002
"325",2007,1.04335213309288,141,-22,-22.8000011444092,-21.7000007629395,-1.89999997615814,5.70000028610229,12.1000003814697,13.8000001907349,11.6000003814697,5.09999990463257,-7.20000028610229,-12.1999998092651,-20.3999996185303,1.36222233143118,1.13222238752577
"326",2008,0.797936418085099,141,-24.2000007629395,-21.8999996185303,-13.6999998092651,-4.30000019073486,5.5,10.9000005722046,12.1000003814697,9.40000057220459,4.59999990463257,-9.69999980926514,-17.3000011444092,-23.5,-0.00444432331455991,-0.567777421739367
"327",2009,0.871109319059921,141,-25,-21.3000011444092,-17.8999996185303,-4.59999990463257,5.70000028610229,11.1999998092651,14,10.1000003814697,5.20000028610229,-4.59999990463257,-18.7000007629395,-20,0.562222279773808,0.39888879987927
"328",2010,0.859470311213362,141,-21.5,-16.3000011444092,-13.6000003814697,-2.60000014305115,6.90000009536743,11.1000003814697,12.1999998092651,11.3000001907349,4.20000028610229,-5.80000019073486,-14.1999998092651,-26.2000007629395,0.812222240037385,0.165555530124237
"329",2011,0.908494242349481,65,-22.2000007629395,-22.8000011444092,-17.3999996185303,-5,6.09999990463257,11.1999998092651,12.3000001907349,9.5,5.30000019073486,-5.09999990463257,-23.2000007629395,-17.8999996185303,0.195555485950578,-0.367777930365663
"330",2012,0.876133054560712,65,-32.2000007629395,-15.5,-18.5,-2.29999995231628,4.5,11.6999998092651,11.6999998092651,9.69999980926514,4.40000009536743,-9,-23.5,-27.1000003814697,0.245555398530421,-0.334444787767217
"331",2013,0.835872767969096,64,-19.6000003814697,-18.3999996185303,-16.7000007629395,-11.1000003814697,2.60000014305115,13.8000001907349,13.6999998092651,11.1000003814697,3.70000004768372,-1.80000007152557,-18.1000003814697,-23.7000007629395,-0.737777831488182,1.49888886345757
"332",2014,0.653818901055027,63,-13.8000001907349,-22.3000011444092,-14.5,-4.09999990463257,6.30000019073486,9.90000057220459,12.1999998092651,10.6000003814697,4.40000009536743,-7.5,-14.3000001907349,-15.6000003814697,0.178888994124191,-0.467777676052534
"333",2015,0.772340234666397,63,-21.8000011444092,-18.2000007629395,-13,-2.10000014305115,8.40000057220459,11.8000001907349,12.9000005722046,9.30000019073486,2.79999995231628,-3.70000004768372,-14.6999998092651,-20,0.812222359246687,-0.0344442791408763
"334",2016,0.65696690206737,63,-15.1999998092651,-14.1999998092651,-10.1000003814697,0.100000001490116,7.20000028610229,11.8000001907349,13.8000001907349,12,4.70000028610229,-7.40000009536743,-16.8000011444092,-22.8999996185303,1.89555562925009,1.16555553012427
"335",2017,0.963787587316937,63,-23.3000011444092,-19.5,-20.8000011444092,-2.20000004768372,5.70000028610229,12.1000003814697,14.5,10.6999998092651,5.70000028610229,-4.5,-19,-15,1.37888892259862,1.06555546654594
"336",2018,1.0038186721354,63,-21.8000011444092,-20.3999996185303,-13.1000003814697,-4.40000009536743,5.20000028610229,11.1000003814697,14,9.80000019073486,5.30000019073486,-2.70000004768372,-13.5,-19.1000003814697,0.462222295668387,0.265555593702523
"337",2019,1.03991837403804,62,-22,-18.7000007629395,-7.30000019073486,-2.5,6.80000019073486,13.4000005722046,15.6999998092651,10,5.70000028610229,-4.59999990463257,-12.5,-21.5,1.81222227977381,1.66555553012424
"338",2020,0.901019909649622,62,-29.8999996185303,-22.7000007629395,-17.2000007629395,-4.80000019073486,7.09999990463257,11.1000003814697,12.6000003814697,11.3000001907349,4.90000009536743,-6.70000028610229,-18.8999996185303,-18.7000007629395,0.662222263879247,0.298889054192437
"339",2021,1.07590315226349,62,-18.3000011444092,-25.1000003814697,-18.1000003814697,-6.5,5.40000009536743,12.1999998092651,13.4000005722046,9.69999980926514,3.10000014305115,-4.90000009536743,-21.1000003814697,-21.6000003814697,-0.154444458418423,0.398888799879283
